A3AH884LHKXFNFH64T,https://apps.apple.com/redeem?ctx=offercodes&id=6749299926&code=A3AH884LHKXFNFH64T
74W6M3XRYMHKFJEWPN,https://apps.apple.com/redeem?ctx=offercodes&id=6749299926&code=74W6M3XRYMHKFJEWPN
JXTRE4LEMEMK73LPH8,https://apps.apple.com/redeem?ctx=offercodes&id=6749299926&code=JXTRE4LEMEMK73LPH8
88YEHME63X77XJXX7E,https://apps.apple.com/redeem?ctx=offercodes&id=6749299926&code=88YEHME63X77XJXX7E
JX8WAXWKX3FAJN8ENY,https://apps.apple.com/redeem?ctx=offercodes&id=6749299926&code=JX8WAXWKX3FAJN8ENY
3M3KPA63Y4ERTWTKNR,https://apps.apple.com/redeem?ctx=offercodes&id=6749299926&code=3M3KPA63Y4ERTWTKNR
8WNARENNL3Y4RHK6YT,https://apps.apple.com/redeem?ctx=offercodes&id=6749299926&code=8WNARENNL3Y4RHK6YT
3L7TH6TNPAN3TL8PKY,https://apps.apple.com/redeem?ctx=offercodes&id=6749299926&code=3L7TH6TNPAN3TL8PKY
A7NPFW464TRXR3PN77,https://apps.apple.com/redeem?ctx=offercodes&id=6749299926&code=A7NPFW464TRXR3PN77
REF8MMKP48R3X8YPFL,https://apps.apple.com/redeem?ctx=offercodes&id=6749299926&code=REF8MMKP48R3X8YPFL
W3NNNK3JJ7LETLXEEE,https://apps.apple.com/redeem?ctx=offercodes&id=6749299926&code=W3NNNK3JJ7LETLXEEE
YX7PFLTPMA84RWYRRE,https://apps.apple.com/redeem?ctx=offercodes&id=6749299926&code=YX7PFLTPMA84RWYRRE
NPXX8YJX7YFL678TPP,https://apps.apple.com/redeem?ctx=offercodes&id=6749299926&code=NPXX8YJX7YFL678TPP
JA4ERLFFWWYPHKTT4P,https://apps.apple.com/redeem?ctx=offercodes&id=6749299926&code=JA4ERLFFWWYPHKTT4P
RYYYPRK3WTKERXMAFT,https://apps.apple.com/redeem?ctx=offercodes&id=6749299926&code=RYYYPRK3WTKERXMAFT
3A4LTL4PYXMPYKF4TJ,https://apps.apple.com/redeem?ctx=offercodes&id=6749299926&code=3A4LTL4PYXMPYKF4TJ
T3AYT6XX6K7MRX4HM6,https://apps.apple.com/redeem?ctx=offercodes&id=6749299926&code=T3AYT6XX6K7MRX4HM6
3NNXP8NYKJXTFH8TJR,https://apps.apple.com/redeem?ctx=offercodes&id=6749299926&code=3NNXP8NYKJXTFH8TJR
JXFN3TJ78KRWFYFHTR,https://apps.apple.com/redeem?ctx=offercodes&id=6749299926&code=JXFN3TJ78KRWFYFHTR
J37XNLYWM3XAMAMF67,https://apps.apple.com/redeem?ctx=offercodes&id=6749299926&code=J37XNLYWM3XAMAMF67
M68AET646YHAMTL33E,https://apps.apple.com/redeem?ctx=offercodes&id=6749299926&code=M68AET646YHAMTL33E
N6TJLMJ8MAXEJK44LX,https://apps.apple.com/redeem?ctx=offercodes&id=6749299926&code=N6TJLMJ8MAXEJK44LX
P3A8W64LL34LANFKJJ,https://apps.apple.com/redeem?ctx=offercodes&id=6749299926&code=P3A8W64LL34LANFKJJ
T8KHTWFR4AL87TR3PM,https://apps.apple.com/redeem?ctx=offercodes&id=6749299926&code=T8KHTWFR4AL87TR3PM
8M8YRK67ER4H4EMH4L,https://apps.apple.com/redeem?ctx=offercodes&id=6749299926&code=8M8YRK67ER4H4EMH4L
8P6MLTN86FAW7847RE,https://apps.apple.com/redeem?ctx=offercodes&id=6749299926&code=8P6MLTN86FAW7847RE
E6FNN6JMJEXFPH4K4T,https://apps.apple.com/redeem?ctx=offercodes&id=6749299926&code=E6FNN6JMJEXFPH4K4T
HT4RKRHPKMHFE73RW8,https://apps.apple.com/redeem?ctx=offercodes&id=6749299926&code=HT4RKRHPKMHFE73RW8
ETPNNHM7EKM38AAWFJ,https://apps.apple.com/redeem?ctx=offercodes&id=6749299926&code=ETPNNHM7EKM38AAWFJ
E84EPRATJXMPLXRKWY,https://apps.apple.com/redeem?ctx=offercodes&id=6749299926&code=E84EPRATJXMPLXRKWY
Y8X867EWMAEEKHFWYH,https://apps.apple.com/redeem?ctx=offercodes&id=6749299926&code=Y8X867EWMAEEKHFWYH
3WF6FRNJEJ3J74RX4X,https://apps.apple.com/redeem?ctx=offercodes&id=6749299926&code=3WF6FRNJEJ3J74RX4X
X836X4XN7WRK36NFA8,https://apps.apple.com/redeem?ctx=offercodes&id=6749299926&code=X836X4XN7WRK36NFA8
4RK4RFRYTA3LTLTF8H,https://apps.apple.com/redeem?ctx=offercodes&id=6749299926&code=4RK4RFRYTA3LTLTF8H
NW7NWKFWRWTAPMKKA8,https://apps.apple.com/redeem?ctx=offercodes&id=6749299926&code=NW7NWKFWRWTAPMKKA8
PNJJJ3KNE334KJNPYA,https://apps.apple.com/redeem?ctx=offercodes&id=6749299926&code=PNJJJ3KNE334KJNPYA
THKYH8TM8KTJJJ46EW,https://apps.apple.com/redeem?ctx=offercodes&id=6749299926&code=THKYH8TM8KTJJJ46EW
HEPJ7M8NMN7HJAN33A,https://apps.apple.com/redeem?ctx=offercodes&id=6749299926&code=HEPJ7M8NMN7HJAN33A
XXP8LEF7FJWEFKL7HW,https://apps.apple.com/redeem?ctx=offercodes&id=6749299926&code=XXP8LEF7FJWEFKL7HW
L8HL7EMJHEH3M7LHMN,https://apps.apple.com/redeem?ctx=offercodes&id=6749299926&code=L8HL7EMJHEH3M7LHMN
LY4YKJP7ET46PE4E88,https://apps.apple.com/redeem?ctx=offercodes&id=6749299926&code=LY4YKJP7ET46PE4E88
JTYYP8P6W4EAF8JLX7,https://apps.apple.com/redeem?ctx=offercodes&id=6749299926&code=JTYYP8P6W4EAF8JLX7
P66HTWKAM6E7JKPA8A,https://apps.apple.com/redeem?ctx=offercodes&id=6749299926&code=P66HTWKAM6E7JKPA8A
NTT8ARAP86W64W6LWR,https://apps.apple.com/redeem?ctx=offercodes&id=6749299926&code=NTT8ARAP86W64W6LWR
NKFLF74XY7Y8HAWKYL,https://apps.apple.com/redeem?ctx=offercodes&id=6749299926&code=NKFLF74XY7Y8HAWKYL
MWWR66MLXA4JTJH68K,https://apps.apple.com/redeem?ctx=offercodes&id=6749299926&code=MWWR66MLXA4JTJH68K
Y8MPEKFPR4F86FA3J3,https://apps.apple.com/redeem?ctx=offercodes&id=6749299926&code=Y8MPEKFPR4F86FA3J3
F4XHPTXYWMPTLYJNRH,https://apps.apple.com/redeem?ctx=offercodes&id=6749299926&code=F4XHPTXYWMPTLYJNRH
H83YJ386NLH3AKLEM3,https://apps.apple.com/redeem?ctx=offercodes&id=6749299926&code=H83YJ386NLH3AKLEM3
4KLTE8A7HLAX8Y473J,https://apps.apple.com/redeem?ctx=offercodes&id=6749299926&code=4KLTE8A7HLAX8Y473J
NAN37H6FRKKJR7MNKR,https://apps.apple.com/redeem?ctx=offercodes&id=6749299926&code=NAN37H6FRKKJR7MNKR
M7T6FN87WLAFNY4RHT,https://apps.apple.com/redeem?ctx=offercodes&id=6749299926&code=M7T6FN87WLAFNY4RHT
3HETKP748PYJWFX3WX,https://apps.apple.com/redeem?ctx=offercodes&id=6749299926&code=3HETKP748PYJWFX3WX
JWNP4RMM8J4KYET7RW,https://apps.apple.com/redeem?ctx=offercodes&id=6749299926&code=JWNP4RMM8J4KYET7RW
MEFMETT4MFYMX7MTKJ,https://apps.apple.com/redeem?ctx=offercodes&id=6749299926&code=MEFMETT4MFYMX7MTKJ
XN64XTWP3T846YEKPL,https://apps.apple.com/redeem?ctx=offercodes&id=6749299926&code=XN64XTWP3T846YEKPL
PNM8PPA47TKPM4E73L,https://apps.apple.com/redeem?ctx=offercodes&id=6749299926&code=PNM8PPA47TKPM4E73L
PPXFYR7Y4YXMJTL6TJ,https://apps.apple.com/redeem?ctx=offercodes&id=6749299926&code=PPXFYR7Y4YXMJTL6TJ
3KN7YRRFW3KPXJRLHP,https://apps.apple.com/redeem?ctx=offercodes&id=6749299926&code=3KN7YRRFW3KPXJRLHP
73PXPHRWXJAPW33R7X,https://apps.apple.com/redeem?ctx=offercodes&id=6749299926&code=73PXPHRWXJAPW33R7X
RKALEXP4TY7XLEYY4W,https://apps.apple.com/redeem?ctx=offercodes&id=6749299926&code=RKALEXP4TY7XLEYY4W
J34LTXRLAWAWHXPH4T,https://apps.apple.com/redeem?ctx=offercodes&id=6749299926&code=J34LTXRLAWAWHXPH4T
R4XA6MEAFJ4JPJR678,https://apps.apple.com/redeem?ctx=offercodes&id=6749299926&code=R4XA6MEAFJ4JPJR678
6K7NPHLXP3J3F6PNEF,https://apps.apple.com/redeem?ctx=offercodes&id=6749299926&code=6K7NPHLXP3J3F6PNEF
MXXYP74HR46AAXHXKP,https://apps.apple.com/redeem?ctx=offercodes&id=6749299926&code=MXXYP74HR46AAXHXKP
6EF86EF6LL8N788L7J,https://apps.apple.com/redeem?ctx=offercodes&id=6749299926&code=6EF86EF6LL8N788L7J
ARJLFYNXR4HMY8H88M,https://apps.apple.com/redeem?ctx=offercodes&id=6749299926&code=ARJLFYNXR4HMY8H88M
LWLFE3H8AYWKPK368R,https://apps.apple.com/redeem?ctx=offercodes&id=6749299926&code=LWLFE3H8AYWKPK368R
4T64ERTAANJFWMNK4E,https://apps.apple.com/redeem?ctx=offercodes&id=6749299926&code=4T64ERTAANJFWMNK4E
M3XKL4YMFYMHJJRA3X,https://apps.apple.com/redeem?ctx=offercodes&id=6749299926&code=M3XKL4YMFYMHJJRA3X
RXMEEAX4R8F3MPRRKE,https://apps.apple.com/redeem?ctx=offercodes&id=6749299926&code=RXMEEAX4R8F3MPRRKE
EJLKRFNX478YPA4Y7A,https://apps.apple.com/redeem?ctx=offercodes&id=6749299926&code=EJLKRFNX478YPA4Y7A
TLYKLKW3PE37HAY8HY,https://apps.apple.com/redeem?ctx=offercodes&id=6749299926&code=TLYKLKW3PE37HAY8HY
MW4LH7XKH4JFMXKMFW,https://apps.apple.com/redeem?ctx=offercodes&id=6749299926&code=MW4LH7XKH4JFMXKMFW
EYFHKM34JMYTJP7XEP,https://apps.apple.com/redeem?ctx=offercodes&id=6749299926&code=EYFHKM34JMYTJP7XEP
YYMKHTRMWH7XAX4JEF,https://apps.apple.com/redeem?ctx=offercodes&id=6749299926&code=YYMKHTRMWH7XAX4JEF
JP7NRKAKFEJWLR3664,https://apps.apple.com/redeem?ctx=offercodes&id=6749299926&code=JP7NRKAKFEJWLR3664
E7KEX67RAA4K4XP8JL,https://apps.apple.com/redeem?ctx=offercodes&id=6749299926&code=E7KEX67RAA4K4XP8JL
W8EF3XPXN7JETMRNLW,https://apps.apple.com/redeem?ctx=offercodes&id=6749299926&code=W8EF3XPXN7JETMRNLW
JP3MFF483NLY4NL786,https://apps.apple.com/redeem?ctx=offercodes&id=6749299926&code=JP3MFF483NLY4NL786
LA6J7L7NAHX83M8N8R,https://apps.apple.com/redeem?ctx=offercodes&id=6749299926&code=LA6J7L7NAHX83M8N8R
YP6Y6PL8WPFNRH3JPT,https://apps.apple.com/redeem?ctx=offercodes&id=6749299926&code=YP6Y6PL8WPFNRH3JPT
87XT33XMM34TX3HAHJ,https://apps.apple.com/redeem?ctx=offercodes&id=6749299926&code=87XT33XMM34TX3HAHJ
MWKRRXKHHRJ8YJRXXJ,https://apps.apple.com/redeem?ctx=offercodes&id=6749299926&code=MWKRRXKHHRJ8YJRXXJ
866XRARJ8K8E8Y3TEE,https://apps.apple.com/redeem?ctx=offercodes&id=6749299926&code=866XRARJ8K8E8Y3TEE
XYJJME6KRTEFJM8HXX,https://apps.apple.com/redeem?ctx=offercodes&id=6749299926&code=XYJJME6KRTEFJM8HXX
RLMTAY6MT6K7J78F6H,https://apps.apple.com/redeem?ctx=offercodes&id=6749299926&code=RLMTAY6MT6K7J78F6H
38J7PTHJXEWK8AAYNT,https://apps.apple.com/redeem?ctx=offercodes&id=6749299926&code=38J7PTHJXEWK8AAYNT
HELT86TKX3PMPLHLXW,https://apps.apple.com/redeem?ctx=offercodes&id=6749299926&code=HELT86TKX3PMPLHLXW
MRPTHL3F7N6A8EFPAM,https://apps.apple.com/redeem?ctx=offercodes&id=6749299926&code=MRPTHL3F7N6A8EFPAM
LPRWWRTN3PWYN3NEEK,https://apps.apple.com/redeem?ctx=offercodes&id=6749299926&code=LPRWWRTN3PWYN3NEEK
T63M3836HY3NWLNYR8,https://apps.apple.com/redeem?ctx=offercodes&id=6749299926&code=T63M3836HY3NWLNYR8
EA6E3TMEE8RWFFAN7Y,https://apps.apple.com/redeem?ctx=offercodes&id=6749299926&code=EA6E3TMEE8RWFFAN7Y
NRYL6WWFF8YPAFX37W,https://apps.apple.com/redeem?ctx=offercodes&id=6749299926&code=NRYL6WWFF8YPAFX37W
L36844E6Y4FP4PT7MP,https://apps.apple.com/redeem?ctx=offercodes&id=6749299926&code=L36844E6Y4FP4PT7MP
LYFPNMWXNRPEWPLPYT,https://apps.apple.com/redeem?ctx=offercodes&id=6749299926&code=LYFPNMWXNRPEWPLPYT
HKXRFRRXXTNYL8YMLK,https://apps.apple.com/redeem?ctx=offercodes&id=6749299926&code=HKXRFRRXXTNYL8YMLK
PLPJAN4WNLALW3H3YN,https://apps.apple.com/redeem?ctx=offercodes&id=6749299926&code=PLPJAN4WNLALW3H3YN
X4HR8K7FAFT4FYNTK4,https://apps.apple.com/redeem?ctx=offercodes&id=6749299926&code=X4HR8K7FAFT4FYNTK4
AYMPJH33YJ4JRLYFFR,https://apps.apple.com/redeem?ctx=offercodes&id=6749299926&code=AYMPJH33YJ4JRLYFFR
MJXPPFF4RJTTWEMTH4,https://apps.apple.com/redeem?ctx=offercodes&id=6749299926&code=MJXPPFF4RJTTWEMTH4
TM3KH336RRF38AX378,https://apps.apple.com/redeem?ctx=offercodes&id=6749299926&code=TM3KH336RRF38AX378
JYHRL3R38MJ6TJ6AH7,https://apps.apple.com/redeem?ctx=offercodes&id=6749299926&code=JYHRL3R38MJ6TJ6AH7
NN4LXEKTWKJWP4E47F,https://apps.apple.com/redeem?ctx=offercodes&id=6749299926&code=NN4LXEKTWKJWP4E47F
N3737333ET4H7PKRK3,https://apps.apple.com/redeem?ctx=offercodes&id=6749299926&code=N3737333ET4H7PKRK3
K7F4R46W4EKNNJFELW,https://apps.apple.com/redeem?ctx=offercodes&id=6749299926&code=K7F4R46W4EKNNJFELW
8EX7ARTP7LJJMLMHY8,https://apps.apple.com/redeem?ctx=offercodes&id=6749299926&code=8EX7ARTP7LJJMLMHY8
6XEKEYHTXKAYYEXP83,https://apps.apple.com/redeem?ctx=offercodes&id=6749299926&code=6XEKEYHTXKAYYEXP83
EFE7KHPFLLMEW76KKX,https://apps.apple.com/redeem?ctx=offercodes&id=6749299926&code=EFE7KHPFLLMEW76KKX
R4XYXJ8YMF6HFFKXWW,https://apps.apple.com/redeem?ctx=offercodes&id=6749299926&code=R4XYXJ8YMF6HFFKXWW
7NNN7X3JRWKAEX6N4W,https://apps.apple.com/redeem?ctx=offercodes&id=6749299926&code=7NNN7X3JRWKAEX6N4W
M4P3ANMHAJF3HY3MTF,https://apps.apple.com/redeem?ctx=offercodes&id=6749299926&code=M4P3ANMHAJF3HY3MTF
TLW3KPLFP8RE4KP7JP,https://apps.apple.com/redeem?ctx=offercodes&id=6749299926&code=TLW3KPLFP8RE4KP7JP
TXK7T4LYR4WT8JLEXL,https://apps.apple.com/redeem?ctx=offercodes&id=6749299926&code=TXK7T4LYR4WT8JLEXL
EPE7FE6XKF8A46JMN6,https://apps.apple.com/redeem?ctx=offercodes&id=6749299926&code=EPE7FE6XKF8A46JMN6
ANKN3XAT4J73LN6EXK,https://apps.apple.com/redeem?ctx=offercodes&id=6749299926&code=ANKN3XAT4J73LN6EXK
NE8Y6P4R6XYA677KH7,https://apps.apple.com/redeem?ctx=offercodes&id=6749299926&code=NE8Y6P4R6XYA677KH7
A6HN6Y7E8P8HN3AR4J,https://apps.apple.com/redeem?ctx=offercodes&id=6749299926&code=A6HN6Y7E8P8HN3AR4J
EXAKNA888TLYTMRNEA,https://apps.apple.com/redeem?ctx=offercodes&id=6749299926&code=EXAKNA888TLYTMRNEA
HRPFM3XXA8MAT3P3W4,https://apps.apple.com/redeem?ctx=offercodes&id=6749299926&code=HRPFM3XXA8MAT3P3W4
TY8FFXF8NY73W747WX,https://apps.apple.com/redeem?ctx=offercodes&id=6749299926&code=TY8FFXF8NY73W747WX
6NYLJLKFNTWMNJ43L4,https://apps.apple.com/redeem?ctx=offercodes&id=6749299926&code=6NYLJLKFNTWMNJ43L4
7YMYFWJHMFN4YJMF8J,https://apps.apple.com/redeem?ctx=offercodes&id=6749299926&code=7YMYFWJHMFN4YJMF8J
PJJKPMEKMEREAANMPN,https://apps.apple.com/redeem?ctx=offercodes&id=6749299926&code=PJJKPMEKMEREAANMPN
JMNAXE8T6LFAKPK7MM,https://apps.apple.com/redeem?ctx=offercodes&id=6749299926&code=JMNAXE8T6LFAKPK7MM
74R83HM4JA4EHWP4J3,https://apps.apple.com/redeem?ctx=offercodes&id=6749299926&code=74R83HM4JA4EHWP4J3
8748RA8NXY34XYXNEP,https://apps.apple.com/redeem?ctx=offercodes&id=6749299926&code=8748RA8NXY34XYXNEP
PEAXWYFAWMFH4846J8,https://apps.apple.com/redeem?ctx=offercodes&id=6749299926&code=PEAXWYFAWMFH4846J8
8FWWR4YKYRNJWNYEF3,https://apps.apple.com/redeem?ctx=offercodes&id=6749299926&code=8FWWR4YKYRNJWNYEF3
FN3LHM7AX33RJWEK78,https://apps.apple.com/redeem?ctx=offercodes&id=6749299926&code=FN3LHM7AX33RJWEK78
HYH4R43XEAKHR8XKTL,https://apps.apple.com/redeem?ctx=offercodes&id=6749299926&code=HYH4R43XEAKHR8XKTL
6HPAJY8F83XFWTTXR7,https://apps.apple.com/redeem?ctx=offercodes&id=6749299926&code=6HPAJY8F83XFWTTXR7
64WXE4J4ETKH4JLEJW,https://apps.apple.com/redeem?ctx=offercodes&id=6749299926&code=64WXE4J4ETKH4JLEJW
NFAHALXM4YRMHN83EP,https://apps.apple.com/redeem?ctx=offercodes&id=6749299926&code=NFAHALXM4YRMHN83EP
XY7HNJXK3T8JJE73RH,https://apps.apple.com/redeem?ctx=offercodes&id=6749299926&code=XY7HNJXK3T8JJE73RH
J6E43KAWRTLLPN38PK,https://apps.apple.com/redeem?ctx=offercodes&id=6749299926&code=J6E43KAWRTLLPN38PK
N34A647XMXPAF8AX3K,https://apps.apple.com/redeem?ctx=offercodes&id=6749299926&code=N34A647XMXPAF8AX3K
NWFJ6AK686F7YF4E77,https://apps.apple.com/redeem?ctx=offercodes&id=6749299926&code=NWFJ6AK686F7YF4E77
P8Y4J337LJY8ATLLNE,https://apps.apple.com/redeem?ctx=offercodes&id=6749299926&code=P8Y4J337LJY8ATLLNE
EMF6M7RN6FJXLL4NHJ,https://apps.apple.com/redeem?ctx=offercodes&id=6749299926&code=EMF6M7RN6FJXLL4NHJ
48P77HR36R4KRPEPR7,https://apps.apple.com/redeem?ctx=offercodes&id=6749299926&code=48P77HR36R4KRPEPR7
WA8TNJNE6NRKYNLYT3,https://apps.apple.com/redeem?ctx=offercodes&id=6749299926&code=WA8TNJNE6NRKYNLYT3
AX6P8P7PLNHY83AWMM,https://apps.apple.com/redeem?ctx=offercodes&id=6749299926&code=AX6P8P7PLNHY83AWMM
3KLYH6RR8XPKJ7MMMN,https://apps.apple.com/redeem?ctx=offercodes&id=6749299926&code=3KLYH6RR8XPKJ7MMMN
FEE7EXTX66HMEEAKPN,https://apps.apple.com/redeem?ctx=offercodes&id=6749299926&code=FEE7EXTX66HMEEAKPN
F4FA8HMNNJJFWTWF3A,https://apps.apple.com/redeem?ctx=offercodes&id=6749299926&code=F4FA8HMNNJJFWTWF3A
J3XAW3XA7LALWRLFFA,https://apps.apple.com/redeem?ctx=offercodes&id=6749299926&code=J3XAW3XA7LALWRLFFA
XYE6YJYJ4EFR3WLJYA,https://apps.apple.com/redeem?ctx=offercodes&id=6749299926&code=XYE6YJYJ4EFR3WLJYA
HJWNY4RWNWXLA8FPM6,https://apps.apple.com/redeem?ctx=offercodes&id=6749299926&code=HJWNY4RWNWXLA8FPM6
TF6E4NFAA886MTHY4E,https://apps.apple.com/redeem?ctx=offercodes&id=6749299926&code=TF6E4NFAA886MTHY4E
8HFM7M3TAJHX3E7PAN,https://apps.apple.com/redeem?ctx=offercodes&id=6749299926&code=8HFM7M3TAJHX3E7PAN
F8KYM3W3EYLTHYEARL,https://apps.apple.com/redeem?ctx=offercodes&id=6749299926&code=F8KYM3W3EYLTHYEARL
WPM34HXXWYHRR4F3XE,https://apps.apple.com/redeem?ctx=offercodes&id=6749299926&code=WPM34HXXWYHRR4F3XE
8T3KTMRX334EAFMT8T,https://apps.apple.com/redeem?ctx=offercodes&id=6749299926&code=8T3KTMRX334EAFMT8T
MJRHWLM4F8P4P7WEAA,https://apps.apple.com/redeem?ctx=offercodes&id=6749299926&code=MJRHWLM4F8P4P7WEAA
HKWFX4YE84JW6AJFF6,https://apps.apple.com/redeem?ctx=offercodes&id=6749299926&code=HKWFX4YE84JW6AJFF6
EPMJT37HEFEPPJ4WM8,https://apps.apple.com/redeem?ctx=offercodes&id=6749299926&code=EPMJT37HEFEPPJ4WM8
TXHFP3H6LAYW4KAF3P,https://apps.apple.com/redeem?ctx=offercodes&id=6749299926&code=TXHFP3H6LAYW4KAF3P
3TT7TMNPFXXHREKXKL,https://apps.apple.com/redeem?ctx=offercodes&id=6749299926&code=3TT7TMNPFXXHREKXKL
FYXJTMA8WN7HFHE3KX,https://apps.apple.com/redeem?ctx=offercodes&id=6749299926&code=FYXJTMA8WN7HFHE3KX
WEMHE7ARJWM3TXPLMM,https://apps.apple.com/redeem?ctx=offercodes&id=6749299926&code=WEMHE7ARJWM3TXPLMM
4NLL8YX7YLR6YX8H7X,https://apps.apple.com/redeem?ctx=offercodes&id=6749299926&code=4NLL8YX7YLR6YX8H7X
JAELMA8RL6N3LKXMHA,https://apps.apple.com/redeem?ctx=offercodes&id=6749299926&code=JAELMA8RL6N3LKXMHA
RJN6ET366A6EHL3TFK,https://apps.apple.com/redeem?ctx=offercodes&id=6749299926&code=RJN6ET366A6EHL3TFK
X4EEN77J8PT383E6MH,https://apps.apple.com/redeem?ctx=offercodes&id=6749299926&code=X4EEN77J8PT383E6MH
3EWTY6HYTFE4N477J6,https://apps.apple.com/redeem?ctx=offercodes&id=6749299926&code=3EWTY6HYTFE4N477J6
PPARX3XMNAA7RJ6AWA,https://apps.apple.com/redeem?ctx=offercodes&id=6749299926&code=PPARX3XMNAA7RJ6AWA
RYRFKELRLPHMNLRM4A,https://apps.apple.com/redeem?ctx=offercodes&id=6749299926&code=RYRFKELRLPHMNLRM4A
TATE8K6JPRNJAYLNTH,https://apps.apple.com/redeem?ctx=offercodes&id=6749299926&code=TATE8K6JPRNJAYLNTH
F8R6A7RA6WYMMWWFW7,https://apps.apple.com/redeem?ctx=offercodes&id=6749299926&code=F8R6A7RA6WYMMWWFW7
AAKMXAPERFH7ARXPNW,https://apps.apple.com/redeem?ctx=offercodes&id=6749299926&code=AAKMXAPERFH7ARXPNW
8LXW4TLF6RX37H3Y3F,https://apps.apple.com/redeem?ctx=offercodes&id=6749299926&code=8LXW4TLF6RX37H3Y3F
PKLL8MF3F3YRTYAWMM,https://apps.apple.com/redeem?ctx=offercodes&id=6749299926&code=PKLL8MF3F3YRTYAWMM
6MJ8F8RWWYL8XREJRR,https://apps.apple.com/redeem?ctx=offercodes&id=6749299926&code=6MJ8F8RWWYL8XREJRR
KYRWR86JR8PNAE7WHR,https://apps.apple.com/redeem?ctx=offercodes&id=6749299926&code=KYRWR86JR8PNAE7WHR
L8XX7NMMT78RN8LPM3,https://apps.apple.com/redeem?ctx=offercodes&id=6749299926&code=L8XX7NMMT78RN8LPM3
ANMHPKM8NJYHXL6LE4,https://apps.apple.com/redeem?ctx=offercodes&id=6749299926&code=ANMHPKM8NJYHXL6LE4
NXYTWTWMEM477LJ66L,https://apps.apple.com/redeem?ctx=offercodes&id=6749299926&code=NXYTWTWMEM477LJ66L
4TLXFATEJAE648A7NL,https://apps.apple.com/redeem?ctx=offercodes&id=6749299926&code=4TLXFATEJAE648A7NL
TKN7HT46P6FTXEJ6A3,https://apps.apple.com/redeem?ctx=offercodes&id=6749299926&code=TKN7HT46P6FTXEJ6A3
ERMRTRFPHHK3LH4Y74,https://apps.apple.com/redeem?ctx=offercodes&id=6749299926&code=ERMRTRFPHHK3LH4Y74
WWRFKATNR6R7444EK8,https://apps.apple.com/redeem?ctx=offercodes&id=6749299926&code=WWRFKATNR6R7444EK8
XNM6TL4RKW6FFM8PA3,https://apps.apple.com/redeem?ctx=offercodes&id=6749299926&code=XNM6TL4RKW6FFM8PA3
383ANHRFWFNPH7NXK3,https://apps.apple.com/redeem?ctx=offercodes&id=6749299926&code=383ANHRFWFNPH7NXK3
W4HWTYYE63N36AMXF7,https://apps.apple.com/redeem?ctx=offercodes&id=6749299926&code=W4HWTYYE63N36AMXF7
TWEWLHWY6AJJA64NP6,https://apps.apple.com/redeem?ctx=offercodes&id=6749299926&code=TWEWLHWY6AJJA64NP6
FHFKRH34EYJ6F4MYTY,https://apps.apple.com/redeem?ctx=offercodes&id=6749299926&code=FHFKRH34EYJ6F4MYTY
M3AYATRJPWXNJ7PNLP,https://apps.apple.com/redeem?ctx=offercodes&id=6749299926&code=M3AYATRJPWXNJ7PNLP
7NL3R8TAHR3TL74XJ4,https://apps.apple.com/redeem?ctx=offercodes&id=6749299926&code=7NL3R8TAHR3TL74XJ4
RRAL3PT434KFF3TF46,https://apps.apple.com/redeem?ctx=offercodes&id=6749299926&code=RRAL3PT434KFF3TF46
JM48HELRPKLWJKM8XJ,https://apps.apple.com/redeem?ctx=offercodes&id=6749299926&code=JM48HELRPKLWJKM8XJ
PRKL73AHMXJ4KMNJTT,https://apps.apple.com/redeem?ctx=offercodes&id=6749299926&code=PRKL73AHMXJ4KMNJTT
FP3AKT337X8APRMXNL,https://apps.apple.com/redeem?ctx=offercodes&id=6749299926&code=FP3AKT337X8APRMXNL
F74M6P8PMJ4J8J4RKK,https://apps.apple.com/redeem?ctx=offercodes&id=6749299926&code=F74M6P8PMJ4J8J4RKK
TEPPETXKTXKRJJTM8A,https://apps.apple.com/redeem?ctx=offercodes&id=6749299926&code=TEPPETXKTXKRJJTM8A
A7EY6R3638AEHATP3K,https://apps.apple.com/redeem?ctx=offercodes&id=6749299926&code=A7EY6R3638AEHATP3K
MYNNKEMN8MWYHNP83F,https://apps.apple.com/redeem?ctx=offercodes&id=6749299926&code=MYNNKEMN8MWYHNP83F
KW3PMKFENKYJM46NJ6,https://apps.apple.com/redeem?ctx=offercodes&id=6749299926&code=KW3PMKFENKYJM46NJ6
NT363M3676F4R4JLET,https://apps.apple.com/redeem?ctx=offercodes&id=6749299926&code=NT363M3676F4R4JLET
F8LNLKA68XXPYMPTHA,https://apps.apple.com/redeem?ctx=offercodes&id=6749299926&code=F8LNLKA68XXPYMPTHA
NJWX77YMELWYMP7XYK,https://apps.apple.com/redeem?ctx=offercodes&id=6749299926&code=NJWX77YMELWYMP7XYK